141.541607,141.441621,0.152618,-0.367453,0.423813
-100.077406,44.896365,0.236084,-0.853063,-0.213393
-28.014075,150.684819,0.320095,0.438812,0.511318
119.092929,198.972479,-0.114121,-0.195057,-0.780285
-74.076416,-199.386686,0.145785,-0.064229,-0.691948
35.189674,43.346034,-0.207023,0.79991,0.481342
-47.527135,-38.786054,-0.869102,-0.360984,-0.092378
105.84504,-36.426732,-0.385341,0.668417,-0.482094
188.928826,-47.554642,-0.391479,0.872764,-0.409823
-88.811482,-132.467683,-0.345476,-0.321779,-0.350837
-102.285082,-123.653809,-0.359279,0.691417,-0.449238
-169.163703,-146.649948,0.239172,0.513952,0.737962
-148.444543,108.2446,-0.36853,0.986833,-0.697349
-149.139195,97.904576,0.92007,0.99257,0.9868
114.192381,-100.439461,0.262932,-0.893251,-0.720356
2.042471,-92.618901,0.752357,0.744935,-0.886339
-152.844248,-90.971033,0.68035,-0.057471,0.673109
45.044555,197.261992,-0.463292,-0.752377,0.385419
131.629839,191.449603,0.735081,-0.059215,-0.026621
160.153977,181.035788,-0.125378,-0.422114,-0.117218
-114.790527,-119.743017,0.820349,0.010629,-0.685209
-68.515496,69.171725,0.880905,0.090777,-0.734387
-98.921817,-16.051492,-0.668465,-0.249971,-0.807922
-197.881086,189.795396,-0.164803,-0.14349,-0.188933
72.727451,64.821209,0.023718,-0.795571,0.393469
-82.300862,-172.124941,0.58688,0.83819,-0.188482
-30.159162,66.872612,0.418903,-0.958501,0.860733
-105.0545,193.207264,0.903472,-0.359809,0.49882
81.724005,181.45698,0.781084,-0.022813,0.436786
153.792516,21.43197,0.827264,0.979167,0.865955
-134.91536,-63.790116,-0.13581,0.622008,0.02493
52.128368,1.819547,-0.186082,0.056224,0.709564
80.517026,51.266633,-0.227654,0.562761,-0.506877
-48.095643,-9.931528,-0.930263,-0.10052,-0.907398
-176.453116,-52.064313,0.781182,0.177196,-0.143154
-62.27359,25.697102,0.127021,-0.814054,-0.866077
69.501142,-39.189023,-0.996442,0.488267,0.955194
75.781959,29.46976,-0.041017,-0.971573,-0.972146
-45.215243,-34.821162,0.721163,0.65424,0.481259
-173.207005,-195.154235,0.854495,0.35784,0.967482
-187.714825,84.651785,0.103542,-0.191377,-0.382772
-173.181408,69.578107,-0.083323,-0.062687,0.603616
119.85705,106.43596,-0.870481,-0.92146,0.001974
-18.947934,-16.756943,-0.901666,0.113169,0.934445
-98.573906,146.637284,0.613973,-0.917349,-0.887341
-33.692267,-39.793506,-0.168259,-0.702357,0.652346
166.398175,189.913538,-0.074104,-0.974035,0.406177
-86.575466,45.407091,-0.167611,0.873605,-0.686634
194.598959,70.774812,-0.517323,-0.156742,0.455583
125.324048,-140.669795,0.549655,-0.828029,-0.648199
61.094835,30.928392,0.465897,-0.610173,0.10901
-43.632856,-84.950266,-0.489829,0.186953,-0.462727
54.54197,193.715497,-0.328862,0.610078,0.336796
-187.104002,-180.884421,0.321203,-0.513113,-0.519447
-193.225304,-90.853431,-0.688581,-0.569763,0.667072
-192.63986,-196.020758,0.12629,-0.325599,0.194615
-171.232621,152.708366,0.938775,0.547664,-0.501111
-7.174803,-103.292837,-0.781136,-0.027834,-0.796888
-54.742467,127.568329,0.672361,0.919482,0.958712
44.541434,-115.38446,0.851535,0.704056,0.754243
8.100794,192.341867,0.261788,0.748741,0.885379
-8.535649,131.75558,0.973898,-0.331234,-0.700199
-16.538264,-61.732828,0.74011,0.833228,0.11517
-13.026786,20.249933,0.372853,0.969694,-0.252325
-139.498327,-39.266083,0.80012,-0.109527,0.103328
0.82337,29.723969,-0.526534,-0.12088,0.532479
176.182355,-5.269474,0.883157,-0.371565,0.04671
-179.905626,33.819069,-0.879514,-0.744675,-0.887363
69.154502,148.940985,-0.514311,-0.752073,0.659548
44.529116,-0.062908,0.757822,-0.992505,-0.701053
180.172418,133.159386,0.573859,-0.090292,-0.733693
2.978542,111.313163,0.382344,-0.449849,0.822168
133.120415,61.878101,-0.881818,0.382256,-0.425339
117.709029,-3.737976,0.67202,-0.220642,0.247888
-127.648682,146.134725,0.183535,0.905631,-0.95523
-191.496578,-41.363259,0.375355,0.840011,-0.922447
14.955465,-30.639229,-0.809146,0.496682,-0.774598
-74.003257,-117.931181,-0.957201,-0.388238,0.934571
-65.972689,198.687963,-0.65365,0.447387,-0.938416
-6.782236,71.228718,0.083429,0.870264,0.672803
-18.592556,150.281875,0.850966,-0.2481,0.955875
-63.897066,-187.901129,-0.913723,-0.720837,-0.485302
87.768721,-29.689271,0.101747,0.422868,0.761042
-131.156337,160.28128,-0.967396,0.295324,0.343988
-0.402313,-199.517347,-0.749646,0.454119,0.486885
166.755889,-90.53939,-0.654977,-0.387626,0.705485
55.655519,59.765986,-0.479686,-0.272903,0.490099
-29.57241,-85.033312,0.969862,0.790854,-0.36067
-123.959893,-14.812859,0.021698,-0.502348,0.076929
57.08862,-133.838542,-0.457809,-0.606656,0.09043
-137.187304,149.628422,0.057021,0.640916,-0.957025
30.410473,8.228038,-0.430095,0.810012,0.825767
-132.736795,125.421055,0.393877,-0.718431,-0.846191
44.652234,-88.524008,-0.233418,-0.285017,-0.864936
23.166292,114.173772,0.568747,0.584032,0.009776
145.874031,14.761599,0.548394,0.996867,0.315147
123.557037,185.660174,0.617506,0.706521,0.844017
-17.53179,-131.587139,-0.023999,-0.794647,0.658406
47.585814,125.419099,0.304543,-0.418637,-0.15745
80.943905,-36.552707,-0.018358,-0.141513,0.108666
-162.494199,12.028335,-0.731879,0.896333,-0.947441
-189.859526,104.735032,0.357014,0.895405,-0.965933
-190.160312,33.500282,-0.347307,-0.673113,0.024338
62.776286,120.175439,0.765965,-0.383678,0.202441
157.014816,-12.785567,-0.433951,0.950732,-0.659679
-139.958518,8.506081,0.47619,-0.071013,0.730626
-178.068727,-107.213756,0.714765,0.498471,-0.602022
-193.294069,51.721944,-0.680431,-0.136621,-0.064883
-195.076924,-161.197901,0.521973,0.054364,0.160725
-110.05205,-33.94897,-0.056175,-0.563826,0.127647
-163.930566,-44.83322,-0.599367,-0.091688,0.666444
21.463584,-37.358139,0.5211,0.664429,0.366829
-95.320264,3.732883,0.307253,0.313752,0.826441
188.833413,34.055442,-0.997396,0.896362,0.296122
-82.962018,15.562788,0.506878,0.725798,-0.469219
95.874948,22.694269,-0.717493,0.745817,-0.763148
194.570464,104.650473,-0.315318,0.842956,0.379566
28.438006,123.755475,-0.291973,0.625179,-0.76435
-17.541655,-52.727383,-0.471056,0.296931,-0.945481
133.490883,-73.818798,0.324969,-0.527542,0.02728
-158.738812,-104.140815,0.631259,-0.245395,-0.543734
-116.844817,48.986377,-0.374511,-0.283017,0.746237
3.076903,-109.44222,-0.096475,0.082708,0.24473
-67.162742,-153.874617,-0.017955,0.532633,0.683448
71.255905,-86.602959,0.367795,0.592563,-0.607694
110.134351,117.460459,-0.960775,0.018156,-0.809168
-100.765557,191.710864,0.248706,-0.616065,-0.64857
-0.876106,-10.689762,-0.861691,-0.554851,-0.226103
95.94129,-29.873702,-0.190586,0.305327,0.427891
-178.959418,-177.217271,0.115674,0.373771,-0.178187
-197.213772,-125.919762,0.308332,-0.941626,0.038225
-78.058945,188.752806,-0.799916,-0.622961,0.94992
-65.215684,55.328158,0.486032,0.282036,-0.707897
-30.020969,-64.399766,0.274526,-0.294028,0.879725
-100.083503,-55.525151,0.568093,-0.590187,0.643238
22.082429,155.343521,0.170381,0.259432,-0.444621
-122.606521,-69.116242,0.903123,0.134566,-0.318992
180.688204,180.635711,-0.908418,0.988484,0.188877
98.284241,-182.239531,0.529795,0.334369,0.340472
-172.215789,16.981733,-0.556491,-0.511965,0.483534
-198.340146,-187.669588,0.897867,-0.458525,0.252483
-125.019406,173.72451,-0.442188,0.691608,-0.359161
79.072396,181.60405,0.653014,-0.121107,0.035214
-13.903032,-181.610409,0.60669,0.527338,0.651527
-99.163955,-199.016045,-0.31846,-0.31204,-0.343708
79.753552,-96.932147,0.771639,0.750952,-0.334952
-25.614942,2.098144,0.833549,-0.415198,0.662916
141.911651,132.421996,-0.781299,-0.198402,-0.535068
37.757121,-136.331811,-0.266611,0.744986,-0.416578
-119.964761,110.923318,-0.617121,0.361388,0.49484
-190.750109,-177.593875,-0.655019,-0.518909,-0.087894
-143.202665,27.923921,-0.609963,0.492172,0.691452
-83.078325,-1.711915,0.315491,-0.41612,-0.240028
170.627762,60.371532,-0.559404,-0.197529,0.247073
111.033708,135.418682,-0.960252,0.599578,0.177353
-185.040412,161.274822,-0.423775,0.589939,0.726183
90.718875,-181.313005,0.764961,0.987782,-0.309864
-17.203267,191.761219,-0.739079,-0.659928,-0.259893
179.05893,144.325619,0.827748,0.238122,-0.128604
174.202263,76.767447,0.334623,0.54024,-0.690136
-44.541622,-157.717368,0.176055,0.61485,0.825564
160.754769,164.525802,-0.808045,0.940075,-0.084809
-109.85734,-128.868038,0.299675,-0.293815,-0.17037
133.243421,91.650048,-0.417532,0.09796,-0.777328
-193.437399,-98.992553,-0.361357,-0.296145,0.154117
-121.602522,-158.078288,0.519143,-0.310557,-0.759757
-198.951286,40.232121,-0.249477,0.258811,-0.622159
-58.58573,-189.290363,0.696768,-0.446683,-0.617644
80.92444,89.584865,0.555447,0.432563,-0.373553
-104.702335,65.331897,0.117912,-0.713001,0.370374
-196.300338,138.459138,0.283728,-0.173852,-0.789906
-198.764388,158.159893,0.73121,-0.811878,0.056848
-34.9473,30.775959,0.621575,-0.757267,0.716394
78.631797,153.697488,-0.47749,0.480592,-0.464589
-149.854417,-86.189863,-0.665591,-0.232558,-0.42545
69.935154,126.885562,0.128222,0.140051,0.099847
-128.886231,48.775216,0.526992,0.033478,0.812123
-144.049295,-90.368161,0.221137,-0.423288,-0.722379
132.111294,45.599413,0.055766,0.646581,0.954096
140.847863,-163.011421,-0.172235,-0.950021,-0.862906
37.53926,-96.735506,0.26248,0.676053,0.762382
155.351102,56.621765,-0.653988,-0.507533,-0.255124
172.663911,-97.070885,-0.569057,-0.175482,-0.23416
199.109399,-118.551845,-0.111044,-0.640631,-0.496888
164.576942,16.717016,-0.32262,-0.80772,-0.006211
194.563643,57.011713,-0.798662,0.480733,-0.385946
3.45983,113.154784,-0.125627,-0.726504,-0.101506
98.283247,-60.095073,0.797738,0.444198,0.344005
157.495368,22.289264,0.457237,0.195302,0.927967
162.804129,161.27261,0.201955,0.350492,-0.846732
41.582133,-104.629518,-0.124017,-0.934614,0.818608
48.437497,148.190833,0.061604,-0.981613,-0.398828
127.392197,-147.427148,0.854392,0.726748,0.029382
-45.811197,194.731284,0.602859,0.500279,-0.512274
122.272977,78.045961,0.689215,-0.178181,-0.900595
86.094395,106.943662,-0.950361,-0.444175,0.687318
143.998418,-141.50095,0.274671,0.795816,-0.078554
151.054003,-154.588582,-0.432036,0.969985,0.689315
-48.196896,7.556881,-0.144573,0.688851,-0.425735
-84.9496,-5.695751,0.342356,0.233303,-0.401707
-62.707865,189.818041,0.696985,-0.634484,0.0965
146.520847,157.139633,0.905267,-0.670252,0.636578
34.504465,53.595486,-0.583894,0.406286,0.931297
-132.838679,-128.485215,0.811192,0.371475,0.183401
-120.456979,-28.728607,0.399628,-0.67375,-0.215078
193.404104,1.559339,0.642981,0.689511,0.683982
-99.383062,123.808157,-0.082549,0.843467,0.715254
42.537892,-77.122039,0.753501,0.214741,-0.33547
-75.327314,-163.525198,-0.177449,0.321225,-0.04171
195.270097,48.025846,-0.165238,-0.817832,-0.58145
93.233854,71.762422,-0.227364,-0.292881,-0.413186
-96.482176,122.937322,-0.410777,0.381638,-0.7575
-115.432322,197.229433,-0.28804,0.631906,-0.666191
108.699923,-15.743949,0.762942,-0.11651,-0.927189
-147.917654,33.508648,-0.491949,-0.630005,-0.861929
-198.330062,37.561613,-0.163043,-0.226119,0.383313
111.191984,156.347041,0.564572,0.606352,0.368034
192.603301,-95.183435,0.679605,-0.520354,-0.615466
187.780317,-116.398391,-0.589063,0.256812,-0.306814
115.075624,-23.230443,-0.84999,-0.510158,-0.59393
-113.324488,-60.376801,-0.184681,0.590045,0.513336
-179.900628,3.444179,-0.107301,-0.127562,0.97546
-55.843406,93.97132,0.956654,-0.328939,0.367563
63.947195,12.802041,-0.201383,-0.010069,-0.65993
135.110293,194.354012,0.059318,0.38198,-0.990142
30.802709,-91.103528,-0.318685,0.910978,0.130474
-17.203376,108.655361,-0.828902,-0.629431,0.988595
138.761911,-196.139334,0.871259,-0.167132,0.81594
-116.359886,123.745892,0.130718,0.511391,0.330472
35.036645,63.172603,0.066619,0.899006,0.869198
6.795529,135.104787,-0.492312,0.509485,-0.44687
-10.911514,-185.852303,-0.45287,-0.416615,0.697084
75.509327,118.968129,-0.432865,-0.679543,0.014164
-158.260366,162.21775,0.611081,0.904519,0.027773
64.154029,-62.459145,-0.685941,-0.132699,0.329195
-37.488416,55.892946,-0.254244,0.169914,0.425759
158.417713,-162.904245,-0.885495,-0.171919,0.854409
-72.421902,33.590875,-0.070679,-0.420682,-0.484307
25.106854,39.877303,-0.370413,0.810384,-0.646046
15.557706,181.985819,-0.740503,0.932008,-0.000287
16.685333,-158.606204,-0.045668,-0.320006,-0.687523
127.419104,-81.504536,0.363132,-0.085315,0.053848
15.459817,-113.70348,-0.619899,-0.215277,0.247938
165.324117,-93.386955,-0.242722,-0.937525,0.51003
184.254409,-45.650393,-0.355531,0.223624,-0.10852
-149.173804,165.66596,-0.167426,0.686442,0.787291
71.937727,69.513569,-0.100046,0.568544,0.464581
-94.374971,-121.769501,-0.691792,-0.526704,0.70485
-140.100548,-80.79971,0.085619,-0.744878,-0.707398
-157.497391,151.279998,0.71801,-0.74607,-0.409513
-81.166006,90.304746,0.340916,0.604195,0.46998
19.004022,44.142236,-0.86465,-0.17961,0.43552
-13.084074,-161.929358,-0.39128,0.316024,0.682034
-9.30056,82.368871,0.345433,0.642408,-0.810359
-14.803409,-78.530913,0.550296,-0.865108,-0.589043
21.995234,-44.809237,-0.21194,0.53192,0.764392
-40.868665,-91.082619,0.50647,0.57436,0.528463
-15.001004,-30.334451,0.293207,-0.302652,0.209007
149.860541,134.832221,-0.546044,0.210354,-0.305678
97.481344,-137.519034,0.289687,-0.98648,-0.749074
-60.568167,-140.835485,-0.958184,-0.265977,-0.344235
51.747221,117.776293,0.270614,-0.306611,0.231063
124.546051,-108.377374,-0.188943,-0.217335,-0.94088
41.60234,20.609353,-0.317307,-0.179746,0.300778
-118.663524,184.177242,0.597295,0.368131,0.498496
-20.781333,42.238965,0.217508,-0.215073,-0.128771
119.171902,33.913061,-0.968664,0.527369,0.506701
-14.49925,-30.270194,0.870363,-0.392716,0.182001
158.265101,13.900705,0.389606,-0.01588,-0.577352
14.583583,180.594237,0.08808,-0.924936,0.401041
-193.225993,0.754934,-0.16191,-0.239087,0.259416
-7.100599,-121.51605,-0.770999,0.830906,0.061834
-176.32677,108.065483,0.802748,0.514645,-0.780318
-197.656002,8.423538,0.712517,0.172416,0.445725
-49.992518,-157.902583,0.694491,0.303315,-0.913719
-71.654991,121.473094,-0.938347,0.449905,0.484398
192.102877,-186.912004,0.652218,0.185245,0.019325
186.985359,-23.991214,0.237038,-0.742921,-0.140621
191.39592,-71.041077,-0.162358,-0.838155,-0.606096
121.216139,29.904058,0.69762,-0.631355,-0.140182
47.268235,-28.66842,0.213955,0.116587,0.081952
62.684238,-35.798264,0.519751,-0.423871,0.888953
108.571186,41.87334,0.74773,0.632144,-0.115518
63.600913,194.508359,-0.81715,0.472418,0.100138
-78.598553,-77.108668,0.149119,-0.308933,-0.961042
183.057824,140.221601,-0.002144,0.75361,0.303719
-15.372402,192.557513,-0.481489,-0.428597,-0.844844
18.154327,-47.407268,-0.9297,0.369594,-0.635436
7.220071,-161.030719,-0.614466,0.938952,0.877117
55.046401,-11.950837,0.5518,0.717834,-0.725602
-45.658546,90.326247,-0.64759,0.334383,0.750299
194.865729,-169.364144,-0.296916,-0.695108,0.680516
199.282117,71.257971,0.511123,-0.863122,-0.843324
-99.732555,13.888902,0.255639,-0.703655,0.927259
148.181162,6.872921,0.093753,0.394491,0.619377
-79.673681,194.360237,0.812482,-0.612634,0.810843
85.048398,-129.083404,0.533843,-0.385089,-0.289734
-26.929388,-186.304876,0.448169,0.206431,-0.460571
59.662224,-164.907474,0.779247,-0.120099,0.955874
92.570683,43.716024,-0.020792,0.802531,0.265616
-68.320634,-110.545927,0.757028,0.861857,0.589054
158.328196,-167.827291,0.129075,-0.214388,-0.289926
196.148717,-199.601781,-0.404939,-0.400754,0.660303
167.856346,18.018437,0.620944,-0.207797,-0.804721
22.991476,197.436661,-0.965164,0.102763,-0.017139
-81.648482,-84.279005,-0.460031,0.342462,-0.519659
-129.60552,85.941343,0.935219,0.596319,0.462503
108.998634,-54.435931,-0.508629,-0.794312,-0.864864
-96.357174,-81.149823,-0.822376,0.562536,0.533417
110.234901,61.514643,-0.131403,-0.439127,0.944538
106.130226,-148.950836,-0.798448,-0.233646,0.719685
-54.161706,-5.16284,-0.288307,-0.629338,-0.287587
12.57795,180.734861,0.355968,0.590618,-0.382506
-151.36686,33.795012,-0.302454,0.793415,-0.488988
198.343981,-82.517083,0.439944,-0.907156,-0.40158
-35.513971,-54.834799,0.655631,0.89805,-0.41977
68.663757,-196.960748,-0.017052,0.723841,0.206625
-131.172271,80.324729,0.239594,-0.339169,0.682208
142.419002,-24.014075,-0.20846,-0.523471,0.956148
-158.51742,63.231447,0.617135,0.865697,-0.527989
37.4633,-21.767734,-0.018934,-0.878039,0.635554
-178.669638,43.941207,-0.677309,-0.838809,-0.341016
-131.628636,118.882784,-0.503034,0.880523,0.766091
14.46779,51.875501,0.128255,0.020811,0.677394
-24.756889,-1.008052,-0.521536,-0.598145,-0.215352
-192.985582,-117.920843,0.235778,-0.707489,0.923205
148.970996,95.177636,0.163574,0.432629,0.09702
35.724086,-17.399224,0.528425,0.126098,0.939562
124.643491,58.992628,-0.57473,0.955352,0.971037
-141.294748,137.511861,0.989726,0.708616,0.730569
-56.909492,16.86104,0.42409,0.243872,-0.19324
-10.242016,-6.809619,0.186783,0.96174,-0.315741
193.334525,-180.983849,-0.095602,0.72353,0.460546
111.333325,172.056988,-0.478324,0.022099,0.638237
4.738601,100.592512,0.849434,-0.462915,-0.917781
164.236759,164.871002,0.186733,-0.317415,-0.231442
-162.038777,-27.697376,-0.861254,-0.599152,0.693506
93.138765,54.269287,0.000114,-0.616775,0.312878
-165.112806,-130.032466,-0.10231,0.824831,0.094743
156.70397,-53.150665,0.255962,0.318915,-0.864649
37.002212,-30.88285,0.004339,-0.280802,0.011135
-31.6293,-8.861366,-0.255445,-0.12643,-0.090184
-77.820044,-10.159741,-0.099215,-0.568055,0.932366
108.646554,62.561568,-0.677798,-0.837985,0.806083
-24.713386,-166.461581,-0.242228,0.115266,-0.709486
-127.79308,-74.039161,0.158214,0.018479,-0.960747
-22.326006,-78.998488,-0.67196,-0.14729,-0.699632
192.245403,116.809237,-0.887142,-0.626491,0.45334
-130.814617,-10.864899,0.90469,0.849631,0.270428
62.801792,143.752999,0.41236,-0.717337,-0.569388
197.296665,84.24506,-0.665039,0.946946,0.834016
63.236317,120.010625,-0.358263,-0.351466,-0.006818
45.167468,172.282468,-0.669448,-0.171958,-0.367675
-181.856395,-28.946306,-0.228104,-0.5945,-0.306817
115.121996,80.190263,0.642564,0.32523,0.487683
191.974949,51.949389,-0.226413,0.780818,-0.510342
72.166509,-57.036237,0.274765,-0.183301,0.715769
120.234924,88.153557,-0.094026,0.090659,-0.544769
58.036823,33.815965,0.202596,0.809297,-0.219808
-6.592128,146.940925,-0.289937,-0.055402,0.372405
-187.745976,-188.390099,-0.508257,0.028724,0.717341
-148.077968,-49.003592,-0.552714,0.162661,0.949017
-66.989944,84.428018,0.312366,0.198975,-0.017534
-0.325817,158.085535,0.697242,0.175051,0.040083
-150.132855,178.931404,0.350467,0.286613,0.946943
96.85675,-29.671812,-0.092443,-0.290868,-0.960906
42.976546,98.582703,0.79953,0.889739,0.612892
139.090348,-10.829479,-0.809093,0.256423,0.568891
-140.751159,92.715941,-0.497316,0.877145,0.1255
119.71192,-89.273982,0.584447,0.599621,0.018296
-190.295227,91.543415,-0.850242,-0.367323,0.34045
92.125142,-17.357521,-0.245488,-0.635319,-0.288594
-191.223013,127.742426,0.798514,-0.390056,0.415406
-62.367428,3.936195,0.766791,0.36779,-0.398166
193.981169,-39.446007,0.747382,0.691874,-0.491034
34.70394,190.260478,0.714905,-0.600988,0.129128
-173.190179,-176.117926,0.039836,0.122001,-0.26375
-182.427368,198.0344,0.686876,0.513045,0.408879
114.547087,-111.573154,0.662218,-0.907889,0.203781
74.846339,-82.958862,-0.477006,-0.45674,-0.90394
135.789541,153.67712,-0.416983,-0.527685,-0.208614
51.924742,141.92713,-0.418551,0.275579,0.990433
138.535094,-125.53348,-0.370915,-0.691602,-0.241884
156.187044,17.08773,-0.082478,-0.612879,0.111494
84.305532,-47.091677,0.355535,-0.885127,-0.161909
88.80108,-28.064661,-0.379287,0.216236,0.11031
102.821358,-31.664362,-0.566681,0.371029,0.554153
-156.162659,32.90523,-0.086863,-0.37938,-0.261902
-163.055997,-160.173252,-0.567865,0.543092,0.737518
163.33936,-195.393851,0.015484,-0.113794,0.05845
142.262598,-125.146029,0.105761,0.939705,0.23533
182.766709,-6.662949,0.341195,-0.125559,-0.973938
-36.804082,163.130675,0.086289,-0.208794,-0.43007
27.774814,-138.068593,-0.974386,-0.07564,-0.41384
34.161269,-135.881745,0.018223,-0.603541,0.41637
-49.452666,-62.001679,-0.622663,0.854617,0.316726
-88.211899,78.349818,-0.310055,-0.064709,-0.214442
103.229476,105.026278,-0.727824,-0.954256,0.25347
-102.797607,-120.34778,0.003722,0.325587,-0.90864
-48.340043,64.342104,-0.092896,-0.896248,0.420634
10.86939,-141.739722,0.221811,0.712638,0.345355
47.495938,54.794184,-0.687937,0.756514,-0.684327
58.146342,-159.092543,0.090929,-0.677026,0.292671
144.960475,-74.473068,-0.412775,0.873686,0.239507
135.735334,52.945196,0.236912,0.302645,-0.006145
101.486333,84.873208,-0.043826,0.146083,-0.841812
168.71113,48.741107,0.853305,0.103163,0.109754
-73.677834,-82.265782,0.360796,0.324475,-0.499697
33.631771,-114.967746,-0.143254,-0.396512,-0.351398
152.351788,74.533571,-0.464125,0.190812,0.519027
53.075057,132.914485,-0.387613,0.041457,-0.739352
-105.00101,146.677204,0.227045,0.261918,-0.886958
-57.872224,103.502379,0.443986,-0.68076,-0.090864
198.013005,-161.502776,-0.405829,0.562039,0.805715
-46.983612,-71.386618,-0.044619,-0.096573,-0.354473
109.429122,95.053122,0.676219,-0.521235,0.218374
3.027707,70.967112,-0.053775,0.216882,-0.214533
-156.975449,147.704656,0.671862,-0.999677,0.754876
189.92288,104.084201,-0.903292,-0.425854,-0.583793
59.255444,-75.82991,0.427352,0.438241,0.553903
1.026103,-94.611419,-0.05211,0.794124,-0.284362
-187.593709,26.219777,-0.422,-0.302783,0.537696
-33.954406,-22.973643,0.907229,0.741613,0.037373
172.474587,57.040986,0.149633,0.612588,-0.676804
-125.837903,-23.10012,-0.310797,0.372527,0.275797
-143.557318,43.483089,0.150439,-0.445984,-0.471717
-94.682582,157.140936,-0.516377,-0.877842,0.117465
-93.65274,0.738868,-0.660895,-0.328684,-0.616767
151.529802,-185.262832,-0.619448,0.073524,0.737143
-48.39678,61.715424,0.824715,0.559348,-0.774255
-180.078904,183.869089,-0.606463,0.631213,0.759562
-62.358566,-138.782939,-0.483492,0.401404,0.106758
56.956268,-179.581288,0.827224,-0.233292,-0.679032
128.407719,104.769507,0.674962,-0.05293,0.857344
-26.53355,43.554859,0.021682,0.801286,0.300228
-58.243504,-29.754049,-0.063726,-0.844122,0.559793
-164.89808,-44.774789,-0.428673,-0.983981,0.69624
92.75058,53.450958,0.928032,0.116541,0.311093
-91.316475,124.481194,0.543209,0.070383,-0.565091
-158.617328,-95.582194,-0.139594,-0.787355,-0.630808
64.883281,65.074439,0.998525,0.560164,0.875986
3.32365,-144.424913,-0.038346,0.521062,0.960371
30.050593,83.847164,-0.315704,0.667807,0.359022
-68.498965,158.214267,-0.453181,0.503522,0.782442
93.777989,-25.564596,0.702178,0.103925,0.766112
-173.415504,31.810094,-0.535956,-0.075168,-0.415872
-92.462619,2.169138,0.08137,0.542995,0.771186
-166.553057,-146.874571,-0.504162,-0.718053,0.790408
-103.94265,10.686143,-0.773244,0.118722,-0.19976
-191.843733,114.57246,0.018918,0.764962,-0.85299
10.855081,-32.751679,-0.389816,-0.355886,0.798897
-19.233057,171.079775,0.764709,0.617056,0.027187
-56.48425,-109.160083,-0.173295,-0.214579,0.368655
128.361413,-91.10544,0.805551,0.122285,-0.75761
97.47722,-189.364406,-0.070017,-0.759129,-0.67737
94.662033,50.821906,-0.723432,-0.442345,-0.124544
17.914236,-68.902724,0.765258,0.612547,0.82839
-167.279306,-123.615476,-0.843257,-0.680295,0.518072
70.44805,42.279978,0.450855,0.757671,-0.436352
24.137497,-5.725088,-0.424027,-0.404361,-0.794374
29.976608,110.184027,0.395401,0.817257,-0.512531
-172.742453,179.253612,-0.601981,-0.793143,-0.976831
-45.953116,-77.280658,0.058679,-0.862376,0.772907
-47.149174,73.574926,0.179421,-0.362106,-0.692455
88.122403,-11.26667,-0.794355,0.34832,-0.080578
-15.535187,175.86467,0.878212,-0.857127,-0.118526
11.393144,65.288859,0.778561,0.717664,0.999161
-112.696324,-111.357307,0.103323,0.519604,0.703157
-46.829371,-52.043479,0.328676,-0.777051,-0.318065
-54.50129,8.432531,-0.442617,0.720656,0.320271
125.94128,-151.656483,-0.931188,-0.292675,0.754345
-53.51495,29.752008,-0.956219,0.760175,0.03977
-68.765925,-95.311024,0.818782,-0.694217,-0.624001
7.021985,-135.899519,0.631881,0.758834,-0.863537
-167.312786,-71.489853,-0.433541,-0.378256,-0.790662
134.772138,126.59388,-0.50875,0.838049,-0.771024
119.092221,-61.08291,0.990605,-0.464423,-0.811802
-124.484804,-154.980165,0.670669,0.198958,-0.590529
12.521588,-57.57343,0.267666,0.089374,0.684507
-131.31024,32.725022,-0.752182,-0.787296,0.312268
-91.982907,-142.411663,0.365633,0.266405,0.361738
-65.991298,146.310031,0.410908,-0.786705,-0.860311
-51.952387,-51.388746,-0.080179,0.306926,-0.599598
107.206652,-80.286743,0.401085,0.118736,-0.382301
-103.663704,113.907588,-0.995452,-0.754489,0.35881
-48.714341,-87.229972,0.699398,0.627296,0.150807
-197.983323,-103.797047,0.494501,0.981571,0.701268
56.114646,56.375954,-0.307845,-0.985648,-0.063104
155.811576,25.793021,-0.257999,0.20367,0.363894
-51.759328,63.300992,0.637027,0.227116,0.440386
-124.607025,-61.984303,0.415327,0.480568,0.245095
-65.712925,-131.69242,-0.267122,-0.232401,0.380088
139.037994,0.614655,0.336503,-0.94853,0.444566
-63.104285,148.465422,-0.567037,-0.037983,0.345021
-111.94502,59.413991,0.640239,0.877055,0.47087
-184.247426,-128.233155,-0.886155,0.136161,-0.147094
188.185688,-167.465914,0.298727,-0.239906,0.921303
138.374795,89.353531,-0.963286,-0.748059,-0.957539
-107.57953,140.276429,0.863171,0.200159,0.430888
-174.222549,-37.739935,-0.662098,0.533563,-0.698701
-55.76097,-25.799108,-0.48027,-0.53809,-0.929027
-58.998654,-57.110319,-0.137965,-0.189235,0.568004
-182.007369,157.165165,-0.514735,-0.218625,-0.110272
144.165492,166.674104,0.449841,0.174272,-0.34328
-107.945726,-11.279766,-0.699016,-0.027512,0.619348
-65.381161,-105.633444,-0.979777,0.622341,0.275325
48.970728,-69.285667,-0.789496,0.582347,-0.25989
-76.978257,-180.549176,-0.529314,-0.738909,-0.129341
-183.427956,-62.564245,-0.579571,-0.026054,-0.653392
30.764469,-84.141004,0.973277,-0.226254,-0.210382
-138.634139,28.598481,-0.912458,-0.772542,0.921658
39.723558,2.990304,0.07183,0.878819,-0.015738
191.834153,82.385926,0.998374,0.477436,-0.094564
16.663587,-80.572802,-0.734113,-0.090947,0.161482
15.061726,95.994897,-0.601521,0.980426,-0.470609
-17.111835,125.335138,0.185417,0.982451,0.084715
64.646141,46.886141,0.476027,0.134677,-0.605265
-71.247061,165.79694,-0.503754,0.384886,0.179703
115.52778,139.732914,0.759757,0.951293,0.672462
91.923165,153.412399,0.788015,0.028772,-0.890615
187.58907,128.16296,0.561511,0.258047,-0.575822
53.871112,167.094808,0.434496,0.060502,-0.709003
101.100469,-173.975064,-0.479132,0.208292,-0.163131
61.943438,-196.534915,-0.265457,0.377072,-0.685447
-118.778963,-157.008422,0.581339,-0.35464,0.211962
54.951512,124.294093,0.542643,0.970871,-0.993135
122.85137,-100.844821,0.848957,0.898636,0.877858
146.501749,109.92719,-0.199165,-0.644542,-0.536737
-159.84415,122.145635,-0.49813,0.44002,-0.573805
62.652695,-79.270478,-0.31638,-0.199226,0.367684
100.457518,112.027119,0.015607,0.182637,0.121269
-94.023041,79.148175,-0.18834,0.96845,0.575484
-172.838666,-140.374589,-0.323844,-0.847778,-0.262605
169.131561,98.361356,-0.795568,-0.601019,-0.017347
-141.735348,-66.738723,-0.230041,-0.74859,0.758152
155.924682,121.391999,-0.697746,-0.165852,0.257897
-164.127878,91.657411,0.429601,0.691123,0.9315
-48.638496,12.540401,-0.391497,-0.750754,0.366136
58.914429,197.881333,0.806853,0.714687,-0.292266
14.566169,72.179129,-0.556791,0.0042,0.358198
-0.449324,-105.897217,-0.938,0.475624,0.310342
188.140954,-186.07184,0.675766,0.164814,0.934398
-91.583786,-13.458702,-0.942998,0.383287,-0.93536
162.432969,43.690986,0.79787,-0.070929,0.78264
196.744156,-50.178748,0.395183,0.08207,0.530922
124.255478,-194.831142,-0.383086,-0.540124,-0.752116
153.783828,48.624055,-0.684808,-0.522226,0.602965
172.32267,-194.522204,-0.804382,0.304142,-0.226727
-184.23405,196.015476,-0.186001,0.708931,-0.916905
130.691098,24.448833,-0.284633,0.669188,0.734966
111.918135,24.305865,-0.964689,-0.235448,0.00885
151.182608,-61.245645,-0.976174,0.347387,0.631072
99.127075,20.660232,-0.173826,0.182482,-0.961523
-120.403749,-146.98279,0.157345,-0.974441,-0.449827
119.061066,-48.955974,0.26264,-0.416645,0.678271
-13.493011,-68.827647,0.20318,0.949724,0.674464
-194.267675,-72.455929,0.632632,-0.436097,-0.113896
-63.418405,-113.532637,0.479439,-0.59411,0.709149
-21.198955,26.94465,0.641845,-0.49114,0.493834
175.301987,25.902064,-0.615169,0.631647,-0.623335
132.578537,69.50564,-0.700016,-0.646308,0.306683
106.563718,37.614486,0.541383,0.311692,-0.470245
128.965162,184.034712,-0.848851,-0.262781,0.60584
-139.793413,-82.43794,-0.242565,-0.928484,0.575236
117.966237,-136.816713,-0.839182,0.474833,0.427209
-111.486648,81.991019,-0.88231,0.892723,-0.834789
23.443143,-33.644188,-0.983298,-0.160158,-0.309896
-74.034221,174.695899,-0.751041,0.204714,-0.304261
104.599184,97.799397,0.328598,0.614813,0.01583
197.42444,-112.214478,-0.284312,0.482864,0.760719
-196.98939,-192.512377,0.833769,0.326599,-0.076541
-11.899307,92.901294,0.292547,-0.067921,0.126095
187.487785,-195.803945,0.652413,0.190322,0.999742
115.574899,-175.583511,-0.381381,-0.664804,0.687579
-176.197105,16.025548,0.940927,-0.465131,-0.53477
-30.820058,55.485701,-0.084434,0.743924,0.321964
134.115942,195.718752,-0.995507,-0.385033,0.033015
131.249984,-153.125125,0.500501,-0.899865,0.39266
108.488043,58.701188,0.224357,0.44091,0.73848
57.266502,-55.985017,-0.489708,0.598668,0.002633
-95.928856,2.230351,0.672398,-0.338731,-0.896282
31.091375,121.978505,-0.55777,-0.410754,0.056087
22.631788,139.605432,0.847942,0.218722,0.091968
-105.171796,117.449167,-0.923498,-0.009341,0.220837
-92.905166,80.690097,0.832853,0.690377,-0.005211
82.805952,117.856214,-0.994586,0.479348,0.497088
46.259782,-197.29769,0.682343,0.548975,-0.391114
128.238742,108.387019,-0.670698,-0.909958,-0.720887
-27.191794,114.070392,-0.036551,-0.970785,0.550523
-192.296024,-32.150167,0.862876,0.242743,-0.776413
-5.722468,-137.413191,-0.630031,0.642854,-0.230884
-72.856118,-138.070897,0.516365,-0.689674,0.415795
157.984746,-153.228235,-0.245523,-0.906922,0.713294
-145.316799,-30.799042,-0.310563,-0.395549,0.474484
77.438575,32.355647,-0.024156,-0.101608,0.337598
163.230937,122.83782,-0.279813,-0.889208,0.488206
-79.654399,59.496823,0.623942,0.763535,-0.280673
-152.840326,64.889807,-0.426502,-0.810043,0.815138
165.828627,-138.132556,0.175575,0.97556,0.664502
-190.773513,92.287449,0.689301,-0.412483,-0.625928
80.687012,-113.423164,0.623334,0.081184,-0.513283
-156.762961,110.656151,-0.26989,-0.735547,0.578556
28.850192,-24.548068,-0.54567,-0.830317,-0.394554
-50.635795,-150.897391,-0.290079,-0.95089,0.012927
114.80966,-102.351792,0.830908,0.666593,-0.614444
53.009427,-33.209771,0.165128,0.987814,-0.715814
-171.989442,-136.607003,0.597807,-0.472291,-0.658214
-145.350573,-62.939275,0.961166,-0.984904,0.620286
95.202423,-15.488004,0.314346,-0.546558,-0.565579
73.11311,-25.759728,-0.838877,-0.750006,-0.50857
-106.385482,101.956747,0.71898,-0.538856,-0.68636
-151.340782,7.539943,-0.988531,0.632651,-0.534822
-127.976285,-85.554238,0.630899,0.76862,-0.016662
-181.663,-77.663667,0.678851,-0.206856,-0.339631
180.529333,116.726627,-0.119163,0.615126,0.994637
0.210526,127.561785,0.087492,0.865162,0.672794
-199.094328,-180.339862,-0.720251,-0.942872,0.723039
-24.87268,151.236297,-0.145784,0.430157,-0.194182
-133.750412,-19.211146,0.939489,-0.451003,-0.092555
-53.87611,-166.327238,-0.397407,0.510296,-0.450532
-59.760813,183.166015,-0.998547,-0.92161,-0.492607
149.495331,-72.542871,0.15649,-0.522165,-0.175786
-92.092918,-29.731647,-0.65213,0.140377,-0.697672
-55.649252,-134.033765,-0.691418,-0.769344,-0.651195
165.028303,147.511223,0.028038,-0.793932,-0.462716
180.383808,152.183198,0.26165,-0.306894,0.283991
-64.342125,197.798297,0.518556,-0.561021,0.959416
82.669519,149.664782,0.67763,-0.286208,0.606309
56.161992,138.529727,0.733948,-0.592478,0.998644
-66.920201,-176.637015,-0.957617,-0.236203,-0.767576
64.843044,-55.555153,0.163111,0.921679,-0.565446
-138.073103,43.2134,0.4482,0.633688,0.825635
-117.63975,-169.856713,-0.50825,-0.031996,0.858551
111.782754,-31.725083,-0.8646,0.231545,0.683873
-67.708905,106.531464,0.964258,0.986113,-0.137064
98.236108,-138.776846,-0.403042,0.371453,-0.97028
85.421331,-136.984762,-0.410453,-0.083444,0.068965
-102.752953,-151.955596,0.453901,-0.430486,0.028982
76.203323,-29.716811,-0.169554,-0.521186,-0.189649
-59.367526,133.112028,0.343353,0.012135,0.896988
35.916541,137.074717,-0.729102,0.054408,0.969751
-145.258241,136.618163,0.635128,0.011584,-0.526139
-106.65305,126.511408,-0.009653,-0.960948,0.89134
71.770384,51.876893,0.980541,0.790482,-0.776757
165.648018,151.381147,-0.867013,-0.5638,0.4918
54.311304,172.388187,-0.272241,0.278825,-0.103412
-6.064271,-196.6853,0.359123,0.868553,-0.158344
80.255217,-58.528683,0.19712,-0.261264,0.715202
65.717935,-8.169181,-0.109427,0.661423,0.494055
39.784286,169.824233,0.010231,-0.884304,-0.093496
165.916062,186.534078,0.565322,0.792357,-0.012407
65.434432,123.304346,0.445716,0.88022,0.30046
-3.247943,-119.384546,0.340522,0.729858,-0.986755
50.44574,-40.005044,0.257105,-0.29629,-0.101082
43.186193,99.57589,-0.93944,-0.75088,0.733464
165.920512,50.144221,0.802682,-0.709742,-0.394958
10.631949,-180.681941,-0.189933,-0.78882,0.700932
-23.893036,30.606611,0.979242,-0.566569,0.565808
-51.813232,170.178914,0.053241,0.642591,0.738134
81.756846,-178.694873,-0.048828,0.474756,0.999407
-184.874916,-101.291163,-0.591272,-0.866903,0.80722
-41.411409,-85.871603,0.446138,0.349118,0.775735
-145.236606,65.637283,-0.406625,0.765188,-0.77883
-187.228748,114.227496,-0.282866,-0.457219,0.811664
14.078901,94.917144,0.14261,-0.219142,-0.676958
42.01128,148.019476,-0.511779,-0.783276,-0.710502
-76.342089,-182.405142,-0.120884,0.080507,0.773352
0.31403,-190.475506,0.864207,-0.709287,-0.339002
167.749952,-82.055557,0.919157,-0.149359,0.891306
-103.558506,86.482525,0.793981,-0.251667,0.38569
16.846063,-123.475926,0.105895,-0.728801,-0.986554
170.323599,-37.194141,0.822348,0.553414,-0.625314
107.099952,-159.066591,-0.4669,-0.167787,0.531299
28.885696,136.025223,0.154823,0.150947,-0.223394
-91.318434,-168.693118,-0.571212,0.407298,0.607405
17.554703,-181.471306,-0.762186,-0.073557,-0.462789
-197.106298,183.485739,0.61017,-0.71259,-0.863202
132.102947,-42.583266,0.972145,-0.508471,0.553628
-14.294533,42.390968,-0.976126,0.138738,0.459638
99.141288,27.970574,-0.352375,-0.381625,-0.423387
92.567952,173.465777,-0.26003,0.139145,-0.9768
110.910722,67.319341,0.92554,0.935614,0.78577
-126.015245,61.446244,-0.895929,0.47973,0.044268
-179.635879,4.685357,0.276337,-0.42746,-0.220124
52.767579,-12.082279,0.359184,-0.672508,0.935423
-23.085779,30.158084,0.168154,-0.590271,-0.832529
86.482323,180.898748,0.040309,0.701696,-0.91262
-195.365293,104.245686,0.837549,-0.509992,0.698604
183.418061,-138.177201,0.860835,0.677276,0.75405
185.23519,63.124699,-0.310852,0.084115,-0.412913
-191.464415,-120.943977,-0.069275,-0.894818,-0.66455
-148.332497,142.785451,-0.409465,-0.052253,-0.200555
148.906223,56.491628,-0.626577,0.388603,-0.191708
-176.220085,-176.284329,0.559185,0.019699,-0.677063
19.094747,-32.775131,0.930451,-0.584567,-0.964828
-114.24948,49.271372,-0.901582,0.642395,0.776887
-77.882277,-32.861754,0.60288,-0.951966,-0.341163
72.641275,-137.934517,-0.954981,-0.201547,-0.470281
-187.917064,177.440497,0.616926,0.325013,0.405569
150.121058,67.729228,-0.457558,0.186489,0.380758
-85.980583,141.635862,0.440854,0.83603,-0.735288
-40.34935,191.935181,0.134791,-0.364983,-0.354836
-80.182167,-135.815088,0.923143,-0.387588,0.230666
114.115798,116.777047,0.804028,0.988988,0.765252
122.265229,104.726566,0.81666,-0.053576,0.185383
-139.326652,11.035487,0.934436,0.187691,0.224836
-197.496489,46.099737,-0.119529,-0.086015,-0.088597
-15.142805,54.312212,-0.604178,0.061734,0.885879
157.744202,96.799261,0.94179,0.421313,0.181129
11.174486,-107.061968,-0.740217,-0.998172,0.106245
162.503812,-198.844054,-0.517032,-0.306056,-0.649636
-53.962664,19.449138,0.33307,-0.064551,-0.37807
-12.874752,-91.233111,0.60715,-0.995863,0.892666
199.918989,158.387342,-0.669314,0.452687,-0.5075
-140.407257,37.015032,0.041082,-0.575732,0.75176
145.271159,134.101029,-0.31615,0.469759,-0.717519
-149.447777,-110.971514,0.056036,-0.38542,0.560386
-57.257866,-77.976935,0.302837,0.058372,0.253106
124.049763,102.976464,0.07589,-0.166913,0.379537
-143.940006,-40.663377,-0.33346,-0.314798,-0.029331
-185.620516,-23.379179,-0.591213,-0.358087,-0.703497
-35.484963,79.981967,-0.698391,-0.532247,-0.048513
163.249021,-48.156793,0.30428,0.239076,-0.605308
168.950034,-190.025868,-0.432603,0.086181,-0.194554
126.841263,-33.028229,0.791771,0.810486,-0.980656
43.945697,138.731401,0.096701,0.903162,-0.821953
173.415417,12.849097,0.597727,0.919149,-0.404406
-179.616784,-24.039457,0.376252,0.768116,0.279385
85.152746,-150.783009,-0.220846,0.955245,-0.771871
-191.774491,-93.434957,-0.290865,-0.78824,0.683236
43.37958,187.666488,-0.113886,0.186915,0.469942
5.067322,-59.381022,0.416211,0.104595,0.33172
45.948693,-82.364037,-0.490494,-0.213508,-0.896982
80.446932,-32.252998,-0.192549,-0.444095,0.787565
155.997163,-107.8293,-0.900166,0.315292,-0.354274
-178.640617,81.075483,0.907452,-0.876701,0.942883
-139.595718,-181.657861,-0.087751,0.64273,0.204086
102.103703,174.184067,0.546383,-0.014042,-0.456186
-144.351201,-181.142359,0.231004,0.663433,0.071764
-7.526519,111.60338,0.918934,-0.375958,0.358456
-36.957648,51.927382,-0.998662,-0.953579,0.380863
167.94283,116.306702,-0.095012,-0.486509,0.942323
-70.182303,168.336006,-0.764535,0.22817,0.979531
-49.188899,69.295424,0.263843,-0.644559,0.760957
188.467016,-197.055882,0.164032,-0.425154,0.637618
81.16236,-177.83244,0.776484,-0.155146,0.290561
-41.471489,-122.522345,-0.438871,0.617848,-0.078468
-189.336019,-137.511717,0.712646,-0.674298,-0.028271
-154.142962,-29.406537,-0.07322,-0.833065,0.911404
-88.57497,-198.297486,0.127061,-0.434325,0.421279
-66.793623,61.051107,0.939093,-0.856799,0.718455
143.236253,101.381701,-0.472561,-0.985255,0.98873
145.781819,-82.87236,-0.197215,-0.295429,-0.724445
136.409769,-67.85341,-0.681838,0.518729,-0.000959
-74.720604,66.440852,0.632881,-0.092274,-0.246981
-72.129232,0.140779,0.496088,0.289485,0.822054
189.30318,-165.729605,-0.712201,-0.022382,0.140408
-82.052828,25.921603,0.35788,0.368209,0.878817
-88.83558,174.962404,-0.794247,0.595112,-0.255886
-93.950598,-76.218746,0.783035,-0.403537,-0.863621
-159.074625,-118.727608,-0.217484,0.88892,0.002634
29.054959,-92.672755,-0.604673,0.132489,0.488274
140.775352,31.739897,-0.479242,0.363499,-0.540766
-30.083587,-198.488656,0.705876,0.639135,-0.532443
-104.542087,194.194607,0.955274,-0.249303,0.413796
164.02971,143.070726,-0.840955,-0.483407,0.330426
-141.979238,-109.309961,-0.913514,-0.757082,0.075323
-0.923872,-23.306572,0.1908,-0.923604,-0.590623
24.651301,117.775503,-0.18956,-0.383741,0.417476
-161.052015,167.368802,-0.790541,0.979563,0.543042
2.913154,31.254924,-0.038547,0.374827,-0.909811
45.494892,30.391946,0.377911,-0.046429,0.530235
195.606786,127.242983,0.16103,0.381877,-0.93514
-178.336572,83.867605,0.498891,0.582996,0.436552
57.587956,178.004175,-0.701455,0.024493,-0.478301
131.10549,42.310626,-0.868737,0.880469,-0.392848
-10.460439,198.378728,0.248634,-0.386553,0.183409
14.646985,14.783845,-0.312413,0.427119,0.361105
96.164455,50.691731,0.228135,0.714376,0.632015
-150.99086,49.13019,-0.243456,0.02998,-0.983066
-32.921914,52.330641,-0.30924,-0.233377,0.815202
-193.912513,-176.010872,0.587495,0.866579,-0.508166
-136.273445,-62.262572,-0.874099,0.177205,-0.007374
22.98882,166.449552,-0.61455,0.068569,0.106321
-156.549618,-143.075061,0.755877,0.927049,-0.640096
36.803972,15.90828,0.122209,0.20408,0.962709
187.878924,-170.532083,-0.224018,0.736197,-0.203952
137.266905,-57.413593,-0.513335,-0.774672,-0.610438
139.410125,-24.229263,-0.53185,0.770605,0.383456
196.44712,50.377586,0.749259,0.291099,-0.837282
161.841851,-116.07211,0.595344,-0.106922,0.845448
33.996294,-123.067143,-0.261769,0.221947,0.972961
172.32773,-60.969403,0.688587,-0.186628,0.797896
199.429663,-74.933394,0.878895,0.961495,-0.905145
155.675276,63.579966,0.150276,0.055263,0.176427
107.025644,-87.723084,-0.14773,0.013701,0.60083
18.11965,-70.896957,-0.834541,-0.826863,0.974326
-87.687086,-197.964822,-0.220026,-0.510124,-0.290146
-147.167269,-128.806189,-0.608515,0.628566,0.496679
116.627704,73.806103,0.105438,-0.259566,0.393582
-53.643032,-128.289657,0.613296,0.422806,0.803257
107.836035,-118.449182,-0.598916,-0.706935,0.545262
25.437723,105.709561,0.991755,0.450107,-0.192812
192.067748,-68.590511,-0.067599,0.723948,0.265015
-117.276612,158.886172,-0.047709,0.787863,0.345246
-148.227308,-105.421526,-0.19607,-0.285298,-0.571508
-84.50517,137.646598,-0.498833,0.919308,0.075744
68.580315,-74.811657,-0.618058,-0.318589,-0.258231
25.422039,142.241746,-0.813767,0.446866,-0.489369
115.083596,-155.785226,0.257326,-0.098348,0.472867
-74.508413,128.541511,-0.185892,-0.22766,-0.645988
56.213024,-157.209451,-0.335937,-0.667657,-0.559872
13.118849,150.014182,0.900931,0.541451,-0.489224
101.248373,-53.323132,-0.154486,-0.278365,0.549022
-91.049172,-76.845164,-0.635617,0.908255,-0.253397
10.446279,91.971286,-0.046047,-0.713174,0.209793
46.828496,-181.645738,-0.521222,-0.439889,0.878334
-180.544539,-59.404151,0.193722,-0.170911,0.664906
-78.941899,-72.304984,-0.541781,0.054941,-0.187751
116.840186,175.348351,-0.828174,0.957128,0.902044
171.050368,-85.834485,-0.176272,-0.344631,-0.936201
-29.424864,154.723581,-0.673565,0.589215,-0.72378
71.507608,179.739635,-0.557843,-0.977428,-0.276413
-115.577807,100.146275,0.504005,0.672995,0.052451
-116.583493,123.219249,-0.267288,-0.137043,0.074376
-72.227465,-146.490888,0.397643,0.522644,0.596583
-107.702605,-108.681164,0.193857,0.81316,0.529888
-123.806612,-82.850055,0.463876,0.137539,-0.852884
194.419548,11.755462,0.909794,-0.702415,0.259278
172.798328,81.806732,-0.718246,-0.350823,-0.528511
-41.640763,73.809752,0.868109,0.336403,-0.647215
-143.997811,9.475784,0.361732,0.64369,0.285413
-179.674548,143.729934,0.210581,0.14782,-0.237252
160.296743,122.014978,0.348151,-0.759302,-0.24666
79.051235,88.741651,0.00311,0.604064,0.621544
-2.455305,-91.11077,-0.689996,0.887547,0.549167
104.744498,194.620427,0.361838,0.992795,-0.38606
60.881438,-58.129958,0.143716,0.329294,-0.429838
169.621831,-64.539291,-0.539444,-0.309285,0.298764
-76.209012,119.255314,0.574645,-0.362249,0.031969
24.655857,-106.473635,-0.442941,-0.733272,-0.57448
115.601933,-1.881621,-0.109011,-0.057128,-0.944325
178.6665,-170.685456,-0.68352,-0.20106,-0.267142
-140.425151,80.648311,0.753136,-0.816687,0.839599
-148.443636,-56.471612,-0.786323,0.136094,0.786732
2.805732,43.926565,-0.52954,0.602287,-0.761825
21.009023,30.112256,-0.545702,-0.661342,0.469337
-101.501093,-13.459488,-0.784925,0.551472,0.753122
56.338705,-22.074305,0.401499,-0.121573,-0.678112
174.215571,-73.12623,0.84886,-0.858131,0.859838
-78.232142,4.258443,-0.043198,0.018977,0.231121
197.374908,120.446816,-0.931156,-0.467521,0.334161
-132.01122,-120.174103,0.723222,-0.264075,-0.126966
-36.328504,79.293147,0.223577,-0.490299,0.483687
82.451202,-145.408847,0.29954,0.039691,-0.60611
8.701762,54.082133,0.551948,0.390037,0.916368
129.302452,-137.195859,0.796883,-0.76927,-0.040433
-174.611377,-51.862157,0.41076,-0.050432,-0.883263
0.353401,-58.611084,-0.807249,0.853931,-0.995284
-48.939405,-196.311149,0.665762,-0.649504,-0.577124
118.247598,-34.27341,0.790561,0.963247,0.176012
181.333468,-162.820867,-0.647934,-0.694967,0.985968
-84.537694,-120.726958,0.374887,0.152865,-0.407916
-190.762419,-170.757423,0.036277,0.542421,-0.118366
-127.055094,74.040745,0.677993,0.095379,0.137045
-50.966368,118.800115,-0.37341,-0.672805,0.483404
-137.979099,194.349032,-0.228172,0.836669,-0.364041
100.533094,-8.54427,-0.55183,0.910682,0.987427
-31.965398,168.182393,0.724945,-0.626173,-0.397781
-152.744264,-131.95722,0.981179,-0.747447,0.001762
-127.910961,68.852227,0.694615,-0.225291,0.518397
94.104191,40.17328,0.476053,0.258159,-0.957261
-77.415668,-127.006504,0.203196,0.371633,0.332659
58.484032,10.062185,-0.422251,-0.100476,-0.159049
145.954102,-117.428807,-0.828159,0.855572,0.073031
83.289016,70.235061,-0.763371,0.425272,0.639755
-78.072874,123.247805,0.391821,0.880376,-0.038887
66.871724,-190.15763,-0.058026,-0.787542,-0.037192
18.986203,-189.591548,-0.252105,-0.299312,-0.735772
163.353037,-180.39425,-0.100568,0.00682,0.421308
64.884055,-93.495392,0.431054,0.0719,0.817207
133.284633,-181.194815,0.617147,-0.79658,-0.764927
-152.689754,8.161909,0.188082,0.123234,-0.907201
68.44835,-63.669495,0.290751,-0.38163,0.818857
-94.877073,-144.93411,0.127411,0.397714,0.365154
156.237598,-139.206647,-0.450524,0.089566,-0.448975
-30.646012,-37.696846,0.794733,-0.648986,-0.158565
15.180882,-50.14485,0.096312,-0.062357,0.303433
155.10613,194.35882,0.304443,0.384103,-0.858756
119.523107,96.768347,0.971413,-0.978874,0.648577
5.671635,-89.299827,-0.391194,-0.616333,0.642091
-151.657202,-155.362375,-0.123575,-0.084302,-0.446114
62.661833,-33.048357,-0.189335,0.932847,-0.463917
-7.896425,-172.654682,-0.961379,-0.97489,0.099806
133.568068,154.279682,-0.50398,0.197399,-0.235385
149.838618,29.931251,0.04964,0.969843,-0.080949
-32.933452,-6.051188,0.133144,-0.582355,-0.313661
195.438318,8.873732,-0.94579,-0.203606,-0.291699
177.882893,-66.724285,0.578237,0.347218,0.98274
54.758984,148.459162,0.326151,-0.880657,-0.127643
-126.468493,74.892005,0.121519,-0.216592,-0.345006
-8.42284,126.204427,0.539391,-0.2476,-0.212717
-124.114038,-63.739174,0.723533,0.517844,-0.807062
29.061439,127.937197,0.417758,0.505003,-0.888312
74.742477,-172.291175,-0.70888,-0.710581,0.446987
178.349623,-24.311855,-0.920297,-0.055042,-0.189776
-183.521391,75.97553,0.441853,-0.292783,-0.665337
-180.550375,-1.826834,-0.091572,-0.887372,-0.848887
-124.602381,-66.648409,-0.244924,0.247073,-0.413715
-180.840705,58.448134,0.031333,-0.857709,-0.763724
4.559852,-186.548951,-0.879083,-0.707923,0.701337
-155.082628,-185.460565,-0.046077,-0.833178,-0.253241
99.863935,-58.287389,-0.923051,-0.985698,0.258541
-102.409176,124.210676,0.53144,0.316344,-0.429784
65.773648,19.739292,0.604451,-0.32187,0.168652
-187.025684,16.582412,0.568324,-0.390628,-0.964755
-91.153459,-105.610455,-0.018079,0.765401,0.520299
99.514072,73.185063,-0.560159,-0.562958,0.973721
-157.338601,56.395571,0.663315,-0.846389,-0.359413
-84.394276,32.170783,-0.549707,0.319697,-0.928576
113.01945,-120.893287,-0.774601,0.666036,0.325399
-173.153074,65.363548,0.047176,-0.837318,-0.804136
-78.134034,-161.332024,-0.818636,-0.709022,-0.547561
147.109263,-157.834383,-0.642761,-0.349272,-0.159833
63.64069,-38.135912,-0.09449,0.506371,0.104634
76.317946,178.814807,0.397807,0.757133,-0.440812
98.521261,-61.713526,-0.059884,-0.456314,0.188206
152.996671,-5.414564,-0.60016,0.2489,0.417209
-152.15104,69.734048,-0.462565,0.085346,-0.528439
-168.460922,183.142993,0.692846,-0.385087,-0.779857
54.837125,186.415749,0.00686,0.701834,0.546658
33.413011,94.393262,0.698348,-0.623545,-0.203138
87.86439,-72.972518,-0.699133,-0.865539,-0.154658
-75.510358,-73.781329,-0.30707,0.721184,-0.268423
145.979774,-96.275267,-0.463869,-0.966954,0.386957
-46.849446,145.752331,0.721799,-0.516909,-0.690446
-172.535196,102.037224,0.194811,0.572132,0.004602
154.324511,-164.558606,-0.004357,-0.79043,-0.647934
183.303674,29.591407,0.404765,-0.004291,-0.21097
170.635597,59.411901,-0.879714,-0.347696,-0.219006
148.155494,84.607961,0.693819,0.337621,0.471734
63.669976,-63.277705,0.363137,0.993358,-0.355014
180.572463,43.876348,-0.688177,0.039522,0.236635
142.319988,146.712852,-0.39196,-0.463565,0.29823
-61.565916,-199.00442,-0.707472,0.587471,-0.509228
186.977802,-183.153251,-0.947486,0.804049,0.033396
-51.338053,-51.87069,-0.159698,0.44637,-0.09574
-162.977384,-82.316574,-0.202434,-0.971318,-0.364777
-107.663777,-60.057991,0.96708,-0.844227,-0.310534
-168.848356,25.672835,-0.34755,0.162984,-0.713982
-21.316347,13.184197,0.269795,-0.987926,0.838264
125.39856,155.918446,0.530258,-0.627316,-0.986789
-30.911245,-104.545327,0.126065,-0.496169,-0.959556
-94.128109,46.260361,0.659676,-0.880019,-0.193778
179.887259,173.712539,0.167084,0.330193,0.416893
-196.436791,73.083178,0.527109,-0.148391,-0.382977
-93.789659,-43.194147,-0.111655,-0.117548,-0.163312
-10.283162,-146.0651,0.52946,-0.234446,0.4635
13.028128,40.823413,-0.669583,0.9416,0.745384
111.348254,51.46043,0.590528,-0.952664,-0.421149
39.725467,145.261431,0.838296,-0.791348,0.97595
187.732715,-24.669823,0.87258,0.658234,0.312351
36.621945,191.140261,-0.487013,-0.329202,-0.589146
-30.952562,-146.103824,0.010825,-0.773398,-0.142631
49.413069,-139.881061,0.199139,-0.753561,-0.500162
-122.949172,3.802871,-0.688892,-0.683989,0.519244
-116.891896,-157.265692,0.586692,-0.720926,-0.399734
174.205921,151.137541,0.711843,-0.475954,0.878938
-47.026582,-12.258916,0.653428,-0.342259,-0.111293
-59.390823,150.776787,-0.989634,-0.776859,0.829905
-64.444242,-132.185632,-0.888537,-0.368303,0.759892
-156.829774,-186.538908,0.225422,-0.684866,-0.014646
1.155013,36.958751,-0.786069,-0.053747,-0.523929
63.116006,-60.697041,-0.093934,-0.571111,0.540356
20.674371,89.764627,-0.568441,-0.334068,0.184388
53.241619,73.258265,-0.552667,-0.102681,-0.559616
-47.61382,-177.272271,-0.503459,0.587407,-0.230334
127.791632,-29.405911,-0.636539,0.343831,0.684362
78.651361,-196.017218,0.710933,-0.006605,0.362735
186.927382,-185.849048,0.301061,-0.125332,-0.905303
-141.88357,-33.115683,-0.282194,-0.667875,0.176987
96.370375,-64.087856,0.649611,-0.315123,0.360366
-133.154127,94.833835,0.572077,0.641639,-0.977495
-191.527021,134.110447,-0.977687,0.734343,-0.099336
47.839005,77.939508,0.626764,-0.509132,-0.306857
-8.650281,-30.153762,0.014655,0.303675,-0.786982
144.181829,105.665684,0.144156,-0.559948,0.68761
166.961837,-162.144698,-0.621161,-0.613959,0.916443
73.038928,44.348447,-0.4717,0.089551,0.033073
-185.966501,64.59494,0.605327,0.880035,0.034163
-188.645912,-44.162713,0.911918,0.827726,0.421179
168.185459,137.787948,-0.447529,-0.803243,-0.060005
-189.833614,-7.227494,0.761201,0.803324,-0.179819
-138.607556,-26.077096,-0.303187,-0.614751,0.951807
-130.559368,-133.01988,-0.040425,0.892119,0.561454
-169.605428,134.994657,0.077385,-0.601847,-0.894671
90.089496,4.689941,0.719326,-0.238233,0.565368
98.783541,184.780556,0.924404,-0.392516,0.455727
-33.174665,-166.029827,-0.519309,0.208881,-0.453707
-182.087846,-82.825702,-0.064405,0.648554,0.817833
